Crowding Distance;Front;ID;Maximized mutation Score;Minimized mutation Score;Num Inputs;Num Tests;Tests
0.0;0;0;0.12319999999999998;0.8768;3136.0;160.0;[0, 1, 2, 3, 4, 5, 6, 7, 8, 9, 10, 11, 12, 13, 14, 15, 16, 17, 18, 19, 20, 21, 22, 23, 24, 25, 26, 27, 28, 29, 30, 31, 32, 33, 34, 35, 36, 37, 38, 39, 40, 41, 42, 43, 44, 45, 46, 47, 48, 49, 50, 51, 52, 53, 54, 55, 56, 57, 58, 59, 60, 61, 62, 63, 64, 65, 66, 67, 68, 69, 70, 71, 72, 73, 74, 75, 76, 77, 78, 79, 80, 81, 82, 83, 84, 85, 86, 87, 88, 89, 90, 91, 92, 93, 94, 95, 96, 97, 98, 99, 100, 101, 102, 103, 104, 105, 106, 107, 108, 109, 110, 111, 112, 113, 114, 115, 116, 117, 118, 119, 120, 121, 122, 123, 124, 125, 126, 127, 128, 129, 130, 131, 132, 133, 134, 135, 136, 137, 138, 139, 140, 141, 142, 143, 144, 145, 146, 147, 148, 149, 150, 151, 152, 153, 154, 155, 156, 157, 158, 159]

0.10657996906865885;0;0;0.03400000000000003;0.966;453.0;35.0;[93, 117, 94, 7, 142, 85, 61, 89, 17, 33, 79, 39, 120, 16, 104, 154, 4, 62, 69, 13, 126, 28, 58, 76, 8, 106, 147, 141, 15, 123, 84, 45, 128, 41, 9]
0.13333044555249704;0;0;0.06689999999999996;0.9331;1084.0;61.0;[49, 105, 93, 145, 100, 126, 26, 147, 39, 134, 104, 13, 28, 8, 121, 97, 41, 138, 34, 12, 119, 128, 102, 18, 62, 68, 66, 157, 45, 114, 143, 0, 54, 59, 40, 32, 108, 71, 73, 52, 38, 17, 120, 96, 144, 132, 131, 25, 159, 29, 33, 83, 61, 156, 30, 122, 94, 58, 15, 7, 113]
0.10378363462513424;0;0;0.0020999999999999908;0.9979;52.0;5.0;[117, 100, 149, 72, 150]
0.06948321557604809;0;0;0.04630000000000001;0.9537;639.0;38.0;[146, 127, 134, 158, 47, 63, 2, 150, 157, 106, 81, 12, 24, 118, 31, 28, 97, 145, 35, 0, 4, 155, 38, 80, 85, 113, 61, 18, 125, 109, 19, 133, 55, 135, 132, 108, 27, 75]
0.048189040550860776;0;0;0.04800000000000004;0.952;645.0;40.0;[99, 91, 27, 152, 110, 145, 90, 8, 100, 153, 159, 4, 71, 66, 104, 92, 74, 113, 40, 154, 130, 85, 47, 45, 13, 36, 84, 157, 61, 41, 79, 115, 150, 1, 128, 24, 60, 55, 106, 21]
0.1542925257814653;0;0;0.0605;0.9395;932.0;46.0;[124, 73, 112, 3, 122, 27, 61, 142, 145, 135, 60, 130, 31, 108, 44, 134, 118, 72, 33, 99, 120, 63, 125, 59, 18, 87, 146, 101, 137, 23, 128, 151, 29, 39, 30, 35, 91, 82, 25, 111, 158, 51, 42, 47, 49, 86]
0.03333942975954465;0;0;0.05389999999999995;0.9461;810.0;43.0;[32, 135, 82, 11, 134, 109, 44, 90, 115, 125, 151, 37, 113, 133, 13, 85, 89, 150, 153, 55, 3, 138, 137, 31, 56, 105, 130, 27, 126, 28, 36, 53, 155, 83, 106, 147, 114, 80, 29, 121, 112, 140, 117]
0.03438223950612543;0;0;0.05520000000000003;0.9448;823.0;45.0;[11, 101, 125, 41, 7, 152, 26, 25, 69, 103, 132, 141, 118, 16, 12, 95, 87, 89, 97, 18, 61, 105, 35, 131, 75, 46, 20, 115, 107, 77, 145, 38, 88, 86, 17, 9, 58, 30, 53, 83, 62, 47, 31, 49, 102]
0.07773585147822358;0;0;0.030200000000000005;0.9698;441.0;30.0;[30, 36, 50, 128, 60, 108, 77, 121, 61, 99, 91, 151, 113, 48, 117, 122, 25, 145, 126, 9, 37, 7, 70, 44, 153, 82, 111, 10, 120, 94]
0.16597841223392334;0;0;0.04500000000000004;0.955;595.0;38.0;[38, 146, 133, 60, 78, 59, 140, 92, 33, 62, 134, 143, 48, 141, 0, 86, 31, 113, 40, 121, 110, 114, 49, 61, 39, 104, 108, 55, 145, 72, 109, 73, 37, 68, 76, 80, 85, 91]
0.06271457815939198;0;0;0.05579999999999996;0.9442;827.0;41.0;[137, 49, 114, 20, 32, 69, 25, 10, 67, 91, 17, 122, 142, 56, 119, 107, 57, 65, 155, 105, 27, 12, 55, 104, 62, 51, 149, 80, 154, 139, 72, 23, 153, 74, 52, 96, 133, 151, 34, 83, 110]
0.16830628445282914;0;0;0.02410000000000001;0.9759;379.0;20.0;[13, 10, 71, 141, 131, 80, 124, 68, 120, 86, 54, 117, 99, 17, 108, 63, 121, 40, 98, 82]
0.09831931155304785;0;0;0.06489999999999996;0.9351;973.0;56.0;[136, 45, 60, 17, 46, 125, 118, 37, 59, 143, 134, 58, 81, 155, 158, 66, 69, 27, 16, 92, 108, 50, 91, 47, 142, 140, 90, 103, 0, 144, 7, 32, 100, 10, 156, 64, 57, 119, 35, 122, 15, 89, 157, 123, 2, 62, 77, 151, 154, 29, 113, 152, 51, 128, 121, 83]
0.11892202350011816;0;0;0.016599999999999948;0.9834;267.0;17.0;[103, 28, 17, 15, 67, 10, 46, 60, 47, 118, 157, 3, 125, 147, 54, 95, 8]
0.12435907308652432;0;0;0.0031999999999999806;0.9968;114.0;6.0;[41, 51, 88, 87, 25, 101]
1.7976931348623157E308;0;0;0.08220000000000005;0.9178;1532.0;85.0;[29, 124, 154, 53, 94, 159, 109, 21, 144, 119, 54, 151, 59, 145, 134, 88, 140, 107, 114, 7, 15, 86, 37, 19, 58, 48, 105, 12, 50, 90, 49, 17, 158, 5, 156, 32, 136, 42, 55, 138, 148, 47, 23, 104, 110, 102, 3, 113, 103, 149, 24, 108, 56, 65, 25, 135, 4, 120, 75, 70, 157, 126, 130, 68, 89, 9, 101, 34, 81, 87, 116, 84, 8, 121, 66, 92, 118, 20, 64, 38, 72, 100, 40, 95, 16]
0.25668200399155494;0;0;0.07499999999999996;0.925;1294.0;69.0;[140, 150, 120, 72, 17, 153, 50, 94, 144, 41, 47, 146, 49, 115, 73, 76, 14, 7, 139, 55, 83, 57, 125, 158, 108, 107, 95, 138, 123, 51, 121, 147, 132, 126, 33, 88, 84, 119, 131, 54, 26, 27, 151, 11, 85, 21, 25, 116, 137, 127, 60, 86, 68, 105, 98, 90, 100, 149, 77, 133, 58, 155, 111, 34, 35, 89, 8, 23, 112]
0.13719686322828267;0;0;0.03749999999999998;0.9625;550.0;25.0;[52, 41, 22, 54, 39, 48, 51, 124, 69, 104, 101, 128, 28, 153, 116, 107, 27, 60, 6, 55, 113, 132, 49, 146, 155]
0.1237654736923163;0;0;0.050799999999999956;0.9492;751.0;40.0;[63, 67, 135, 131, 120, 83, 130, 126, 85, 150, 92, 137, 100, 115, 59, 44, 20, 98, 97, 79, 40, 53, 152, 119, 74, 132, 52, 72, 31, 30, 37, 76, 9, 47, 128, 12, 117, 34, 94, 144]
0.05728555018642269;0;0;0.02849999999999997;0.9715;437.0;19.0;[120, 112, 38, 9, 76, 6, 54, 35, 150, 11, 1, 90, 118, 56, 141, 29, 32, 30, 81]
0.09816690089777842;0;0;0.009600000000000053;0.9904;202.0;15.0;[100, 87, 158, 13, 95, 104, 78, 118, 37, 86, 17, 68, 22, 82, 48]
0.0803139980363078;0;0;0.0504;0.9496;673.0;44.0;[28, 114, 141, 54, 10, 31, 104, 57, 79, 64, 26, 47, 154, 55, 107, 62, 152, 37, 82, 77, 74, 21, 61, 100, 138, 16, 71, 113, 69, 75, 130, 44, 8, 121, 4, 119, 58, 129, 89, 30, 22, 9, 78, 15]
0.07661122127460215;0;0;0.05359999999999998;0.9464;802.0;43.0;[74, 113, 114, 124, 34, 85, 23, 134, 100, 61, 150, 32, 25, 63, 20, 130, 48, 33, 118, 50, 3, 76, 91, 126, 5, 123, 115, 97, 103, 60, 55, 143, 26, 139, 37, 98, 68, 90, 66, 82, 21, 122, 108]
0.13598239095418774;0;0;0.006099999999999994;0.9939;167.0;7.0;[33, 58, 132, 39, 14, 13, 137]
0.09581175519319239;0;0;0.012700000000000045;0.9873;242.0;13.0;[130, 6, 74, 81, 98, 9, 152, 111, 149, 11, 108, 119, 44]
0.07440046461185001;0;0;0.07069999999999999;0.9293;1095.0;57.0;[90, 86, 44, 19, 157, 142, 122, 26, 80, 37, 138, 139, 119, 5, 106, 159, 155, 6, 43, 64, 22, 127, 140, 114, 27, 115, 154, 10, 118, 52, 130, 128, 104, 67, 11, 137, 108, 38, 103, 74, 61, 146, 45, 59, 92, 18, 116, 7, 8, 21, 42, 35, 49, 84, 110, 150, 93]
0.14992235078194782;0;0;0.0796;0.9204;1378.0;75.0;[118, 83, 84, 95, 114, 157, 52, 85, 130, 119, 133, 31, 64, 6, 144, 111, 81, 56, 13, 122, 23, 100, 18, 68, 28, 8, 120, 51, 142, 1, 57, 25, 145, 109, 20, 140, 10, 146, 40, 15, 106, 82, 105, 134, 132, 141, 17, 86, 38, 126, 62, 101, 73, 66, 36, 14, 33, 99, 69, 156, 22, 50, 41, 74, 39, 3, 112, 26, 93, 55, 127, 158, 16, 116, 98]
0.18314466498533608;0;0;0.07099999999999995;0.929;1121.0;52.0;[116, 134, 19, 74, 141, 128, 155, 65, 55, 122, 93, 59, 66, 146, 140, 2, 24, 20, 8, 118, 71, 109, 22, 129, 72, 157, 153, 75, 105, 110, 158, 96, 137, 98, 142, 4, 90, 83, 56, 63, 94, 68, 123, 57, 73, 62, 51, 44, 127, 135, 84, 17]
0.1651778552130868;0;0;0.019100000000000006;0.9809;304.0;16.0;[112, 158, 151, 84, 22, 157, 53, 115, 105, 97, 134, 69, 43, 17, 59, 140]
0.047712556712806435;0;0;0.048900000000000055;0.9511;664.0;34.0;[85, 17, 88, 152, 39, 69, 11, 18, 138, 110, 132, 96, 118, 26, 89, 70, 103, 94, 62, 59, 156, 102, 74, 106, 22, 42, 24, 57, 67, 86, 98, 49, 40, 34]
0.06414402967355227;0;0;0.011499999999999955;0.9885;216.0;14.0;[23, 2, 156, 74, 72, 84, 29, 157, 95, 114, 151, 99, 26, 22]
0.09728452341990257;0;0;0.06499999999999995;0.935;998.0;51.0;[45, 159, 74, 38, 118, 31, 79, 47, 22, 64, 55, 13, 70, 125, 133, 108, 34, 37, 61, 76, 7, 119, 135, 93, 86, 71, 10, 99, 87, 17, 50, 151, 62, 73, 114, 146, 132, 32, 91, 40, 3, 39, 154, 103, 106, 142, 81, 153, 137, 111, 48]
0.09184747383349642;0;0;0.02749999999999997;0.9725;404.0;24.0;[36, 149, 129, 133, 72, 44, 71, 28, 159, 1, 55, 67, 12, 33, 102, 158, 134, 24, 156, 114, 22, 148, 18, 137]
0.09045331741845186;0;0;0.03500000000000003;0.965;514.0;23.0;[20, 75, 47, 102, 100, 99, 40, 69, 54, 159, 111, 8, 155, 43, 13, 36, 157, 137, 89, 130, 124, 126, 118]
0.11135282906262686;0;0;0.07889999999999997;0.9211;1365.0;70.0;[137, 10, 65, 121, 128, 135, 4, 103, 87, 108, 28, 8, 5, 80, 66, 59, 19, 105, 159, 0, 29, 50, 47, 26, 111, 133, 142, 130, 86, 123, 38, 30, 62, 73, 52, 157, 110, 39, 15, 11, 90, 35, 98, 150, 113, 145, 100, 141, 27, 120, 36, 79, 72, 48, 138, 143, 45, 16, 34, 151, 131, 70, 153, 101, 12, 78, 20, 63, 13, 57]
0.1263548505092124;0;0;0.057699999999999974;0.9423;872.0;38.0;[57, 128, 109, 114, 115, 112, 54, 72, 6, 87, 55, 159, 73, 153, 143, 144, 97, 148, 64, 103, 118, 53, 60, 34, 85, 123, 88, 110, 139, 21, 10, 141, 71, 69, 140, 18, 92, 127]
1.7976931348623157E308;0;0;3.9999999999995595E-4;0.9996;8.0;1.0;[126]
0.054184394432357855;0;0;0.0363;0.9637;548.0;31.0;[107, 145, 81, 24, 94, 97, 40, 157, 14, 29, 18, 136, 100, 47, 64, 88, 142, 22, 135, 154, 23, 99, 30, 144, 86, 60, 106, 69, 125, 119, 121]
0.04856900204995883;1;0;0.06769999999999998;0.9323;1127.0;55.0;[5, 18, 156, 126, 158, 139, 147, 17, 33, 53, 118, 140, 94, 149, 70, 22, 86, 146, 151, 125, 45, 130, 121, 89, 138, 106, 26, 135, 49, 35, 21, 114, 54, 51, 63, 150, 92, 64, 39, 105, 44, 127, 46, 145, 101, 57, 104, 15, 82, 103, 111, 12, 83, 1, 119]
0.3966340837084254;1;0;0.018000000000000016;0.982;331.0;18.0;[42, 21, 58, 102, 14, 47, 115, 48, 129, 120, 136, 99, 150, 34, 77, 101, 81, 44]
0.32978300688139117;1;0;0.07020000000000004;0.9298;1281.0;65.0;[64, 57, 13, 152, 145, 49, 81, 7, 129, 67, 115, 109, 138, 55, 44, 58, 86, 24, 106, 68, 111, 84, 108, 60, 140, 16, 93, 99, 2, 66, 21, 18, 15, 30, 70, 80, 90, 134, 82, 36, 31, 12, 104, 9, 25, 131, 1, 78, 121, 122, 154, 107, 28, 143, 150, 139, 19, 146, 135, 156, 38, 113, 110, 130, 136]
0.11778121831347976;1;0;0.059699999999999975;0.9403;958.0;46.0;[30, 133, 27, 11, 141, 37, 42, 26, 55, 146, 50, 82, 33, 134, 143, 54, 153, 80, 140, 136, 64, 36, 0, 114, 22, 25, 10, 34, 51, 129, 99, 117, 14, 86, 58, 79, 96, 106, 144, 132, 49, 63, 5, 118, 74, 107]
0.14423153337144168;1;0;0.0686;0.9314;1150.0;61.0;[23, 46, 83, 16, 105, 142, 35, 119, 14, 129, 148, 157, 67, 112, 22, 84, 156, 15, 65, 117, 110, 143, 26, 103, 115, 47, 37, 1, 92, 127, 55, 62, 57, 89, 86, 145, 3, 78, 12, 4, 36, 17, 151, 34, 70, 122, 18, 154, 25, 64, 0, 134, 130, 58, 123, 124, 77, 38, 5, 40, 44]
0.25806028469634945;1;0;0.027100000000000013;0.9729;410.0;20.0;[18, 86, 53, 27, 55, 142, 24, 43, 105, 2, 155, 152, 112, 74, 113, 17, 29, 33, 62, 107]
0.17796250709730205;1;0;0.056599999999999984;0.9434;921.0;46.0;[127, 83, 20, 66, 124, 119, 74, 144, 63, 158, 139, 26, 147, 17, 56, 76, 154, 78, 91, 60, 16, 82, 106, 19, 148, 138, 128, 42, 110, 94, 95, 18, 53, 98, 54, 12, 117, 153, 13, 109, 69, 0, 143, 102, 123, 126]
0.07710566051104359;1;0;0.0494;0.9506;726.0;38.0;[35, 153, 115, 46, 149, 21, 154, 73, 38, 106, 70, 103, 42, 45, 122, 105, 125, 95, 17, 19, 113, 76, 126, 110, 59, 139, 25, 117, 80, 67, 148, 15, 144, 82, 77, 31, 58, 84]
0.23867232344354847;1;0;0.03300000000000003;0.967;469.0;27.0;[106, 2, 92, 80, 102, 135, 154, 97, 34, 120, 89, 73, 53, 149, 130, 63, 16, 68, 157, 151, 49, 139, 91, 35, 36, 37, 41]
0.21347726134634623;1;0;0.04079999999999995;0.9592;600.0;27.0;[110, 139, 38, 30, 137, 107, 52, 121, 159, 108, 142, 7, 44, 94, 151, 11, 125, 104, 26, 9, 140, 147, 20, 23, 103, 59, 115]
0.1260911652596528;1;0;0.0504;0.9496;790.0;35.0;[122, 23, 134, 34, 125, 1, 77, 22, 10, 139, 151, 81, 128, 82, 98, 131, 148, 6, 9, 59, 67, 104, 111, 33, 40, 146, 106, 132, 72, 78, 88, 112, 42, 38, 94]
0.1581168716147195;1;0;0.0625;0.9375;1052.0;51.0;[22, 114, 122, 148, 119, 50, 16, 45, 95, 67, 70, 144, 130, 81, 96, 100, 74, 44, 26, 113, 143, 68, 93, 63, 139, 71, 124, 150, 86, 40, 18, 6, 31, 116, 48, 21, 0, 146, 105, 27, 108, 103, 111, 37, 33, 104, 92, 135, 97, 54, 132]
0.17678576728893103;1;0;0.05389999999999995;0.9461;818.0;45.0;[29, 51, 95, 78, 123, 37, 125, 11, 124, 111, 75, 3, 137, 55, 100, 89, 5, 77, 127, 87, 129, 102, 130, 61, 14, 8, 150, 65, 105, 12, 84, 126, 26, 74, 24, 62, 39, 138, 154, 142, 21, 107, 98, 82, 141]
0.15124697078066146;1;0;0.04690000000000005;0.9531;677.0;36.0;[61, 147, 93, 92, 70, 101, 135, 138, 38, 16, 8, 46, 104, 41, 36, 94, 55, 25, 128, 2, 98, 23, 148, 59, 143, 28, 0, 18, 157, 17, 100, 126, 146, 80, 49, 20]
0.12313064492809796;1;0;0.06630000000000003;0.9337;1125.0;52.0;[118, 38, 122, 110, 37, 14, 1, 35, 4, 18, 142, 89, 79, 33, 70, 47, 132, 26, 55, 81, 112, 20, 41, 8, 23, 90, 96, 86, 45, 17, 42, 99, 36, 73, 138, 7, 154, 148, 50, 143, 116, 130, 82, 119, 141, 31, 146, 64, 121, 155, 101, 10]
0.4077551845011207;1;0;0.008199999999999985;0.9918;208.0;10.0;[8, 43, 156, 90, 87, 84, 14, 100, 42, 74]
0.0383632497168253;1;0;0.04910000000000003;0.9509;707.0;35.0;[39, 1, 93, 56, 86, 144, 135, 87, 104, 58, 30, 62, 101, 4, 142, 114, 57, 138, 134, 60, 22, 118, 151, 100, 76, 143, 79, 89, 158, 54, 7, 77, 130, 14, 98]
1.7976931348623157E308;1;0;0.07720000000000005;0.9228;1449.0;72.0;[73, 76, 35, 139, 63, 148, 96, 90, 113, 158, 91, 117, 14, 110, 154, 61, 6, 67, 36, 115, 27, 50, 71, 13, 0, 89, 19, 12, 143, 105, 86, 121, 20, 84, 128, 80, 99, 109, 10, 146, 126, 81, 78, 83, 142, 157, 140, 46, 4, 42, 127, 24, 32, 69, 122, 64, 147, 133, 22, 34, 8, 3, 135, 21, 123, 87, 112, 17, 138, 134, 152, 1]
1.7976931348623157E308;1;0;0.0019000000000000128;0.9981;62.0;5.0;[114, 97, 67, 137, 50]
0.10495676510492548;1;0;0.060799999999999965;0.9392;1007.0;49.0;[105, 6, 159, 106, 16, 41, 156, 80, 4, 88, 72, 76, 91, 104, 95, 20, 118, 3, 23, 26, 37, 108, 2, 55, 122, 64, 43, 111, 148, 132, 98, 141, 27, 146, 9, 58, 35, 102, 158, 44, 40, 31, 115, 140, 143, 89, 134, 63, 13]
0.1208911051300687;1;0;0.03069999999999995;0.9693;455.0;28.0;[28, 124, 141, 48, 94, 68, 39, 127, 31, 78, 0, 96, 8, 61, 64, 72, 14, 83, 34, 110, 144, 106, 47, 148, 63, 16, 74, 65]
0.13652479723021055;1;0;0.04179999999999995;0.9582;603.0;31.0;[25, 19, 55, 135, 18, 136, 153, 16, 58, 122, 141, 33, 42, 39, 91, 51, 75, 146, 126, 157, 123, 35, 93, 5, 103, 10, 79, 107, 62, 99, 147]
0.050845883469246976;1;0;0.048900000000000055;0.9511;682.0;36.0;[20, 22, 97, 141, 48, 68, 100, 96, 27, 103, 93, 64, 10, 87, 85, 32, 50, 36, 136, 5, 101, 62, 140, 105, 91, 7, 74, 119, 46, 144, 145, 113, 156, 128, 124, 132]
0.854684817267601;2;0;0.05520000000000003;0.9448;933.0;40.0;[54, 140, 28, 19, 155, 26, 42, 103, 125, 48, 46, 105, 23, 130, 35, 113, 139, 93, 82, 135, 4, 63, 61, 94, 56, 96, 108, 65, 1, 39, 6, 3, 98, 68, 145, 148, 90, 138, 136, 124]
1.7976931348623157E308;2;0;0.04290000000000005;0.9571;680.0;37.0;[113, 112, 33, 40, 154, 150, 51, 66, 49, 78, 41, 71, 28, 87, 65, 24, 67, 156, 135, 105, 85, 58, 119, 125, 1, 31, 63, 76, 46, 114, 136, 3, 151, 120, 10, 82, 5]
0.18662006377238188;2;0;0.04749999999999999;0.9525;690.0;36.0;[88, 106, 147, 104, 48, 83, 71, 34, 149, 116, 108, 17, 132, 15, 111, 50, 11, 107, 144, 129, 105, 140, 159, 125, 49, 60, 64, 103, 37, 7, 0, 66, 6, 119, 24, 27]
0.18692666176109707;2;0;0.04469999999999996;0.9553;685.0;34.0;[51, 54, 14, 159, 132, 53, 35, 61, 62, 7, 68, 82, 78, 18, 157, 117, 94, 5, 30, 106, 116, 129, 88, 107, 97, 144, 137, 21, 75, 114, 77, 91, 49, 155]
0.27720137355898844;2;0;0.053200000000000025;0.9468;825.0;39.0;[133, 104, 123, 124, 30, 148, 110, 51, 61, 26, 151, 48, 33, 14, 99, 115, 128, 158, 119, 60, 140, 54, 31, 136, 98, 95, 40, 32, 58, 107, 63, 152, 38, 43, 36, 73, 55, 6, 125]
0.359982830512635;2;0;0.0494;0.9506;764.0;35.0;[49, 114, 1, 58, 91, 143, 57, 77, 82, 153, 129, 155, 36, 9, 64, 62, 130, 137, 0, 34, 126, 119, 13, 69, 110, 84, 7, 11, 4, 59, 98, 38, 79, 132, 86]
0.1928869266617618;2;0;0.048799999999999955;0.9512;706.0;40.0;[38, 137, 150, 135, 80, 85, 109, 58, 105, 124, 128, 82, 121, 152, 159, 60, 10, 149, 125, 147, 8, 113, 45, 39, 64, 97, 99, 28, 29, 155, 104, 156, 23, 89, 87, 24, 67, 55, 57, 6]
1.7976931348623157E308;2;0;0.06989999999999996;0.9301;1284.0;62.0;[10, 116, 150, 45, 127, 130, 49, 27, 126, 11, 52, 100, 88, 48, 146, 63, 136, 20, 46, 99, 153, 4, 113, 34, 37, 62, 7, 21, 51, 102, 84, 104, 128, 96, 30, 156, 125, 23, 132, 154, 39, 158, 78, 14, 50, 142, 117, 36, 15, 135, 143, 2, 40, 42, 110, 71, 0, 138, 77, 103, 109, 137]
0.2528820210939419;2;0;0.05379999999999996;0.9462;833.0;43.0;[1, 126, 133, 148, 93, 123, 64, 78, 53, 28, 44, 81, 46, 35, 13, 82, 152, 87, 106, 71, 61, 147, 55, 83, 149, 107, 25, 73, 42, 60, 39, 62, 2, 68, 17, 151, 121, 79, 6, 118, 38, 31, 77]
1.1255702722590133;2;0;0.06359999999999999;0.9364;1130.0;54.0;[117, 114, 135, 113, 25, 141, 100, 139, 39, 103, 22, 125, 82, 3, 19, 97, 71, 130, 29, 142, 122, 127, 11, 132, 134, 149, 15, 32, 54, 98, 30, 86, 79, 152, 93, 51, 136, 84, 89, 102, 12, 73, 9, 76, 38, 138, 59, 69, 21, 94, 70, 121, 13, 68]
1.7976931348623157E308;3;0;0.05249999999999999;0.9475;843.0;39.0;[123, 83, 139, 3, 134, 60, 153, 46, 155, 142, 14, 100, 136, 62, 115, 79, 88, 159, 63, 75, 98, 10, 11, 89, 122, 102, 33, 61, 90, 28, 19, 138, 141, 131, 110, 99, 129, 24, 32]
1.7976931348623157E308;3;0;0.0474;0.9526;719.0;41.0;[154, 32, 38, 143, 4, 132, 26, 8, 125, 144, 107, 102, 50, 34, 142, 55, 112, 138, 126, 134, 76, 39, 119, 47, 40, 5, 104, 150, 65, 135, 85, 147, 95, 149, 139, 46, 62, 21, 52, 91, 133]
1.4626818469323206;3;0;0.04820000000000002;0.9518;784.0;37.0;[20, 65, 148, 39, 2, 89, 44, 25, 69, 101, 134, 38, 119, 47, 27, 78, 126, 19, 73, 130, 6, 35, 104, 158, 94, 109, 125, 132, 56, 32, 23, 1, 12, 129, 9, 33, 14]
1.3189437065148595;3;0;0.05049999999999999;0.9495;825.0;35.0;[106, 96, 40, 128, 59, 155, 104, 102, 140, 139, 26, 56, 64, 84, 12, 58, 63, 9, 32, 77, 89, 90, 98, 51, 143, 87, 83, 110, 47, 50, 118, 2, 82, 30, 92]

0.10657996906865885;0;0;0.03400000000000003;0.966;453.0;35.0;[93, 117, 94, 7, 142, 85, 61, 89, 17, 33, 79, 39, 120, 16, 104, 154, 4, 62, 69, 13, 126, 28, 58, 76, 8, 106, 147, 141, 15, 123, 84, 45, 128, 41, 9]
0.13333044555249704;0;0;0.06689999999999996;0.9331;1084.0;61.0;[49, 105, 93, 145, 100, 126, 26, 147, 39, 134, 104, 13, 28, 8, 121, 97, 41, 138, 34, 12, 119, 128, 102, 18, 62, 68, 66, 157, 45, 114, 143, 0, 54, 59, 40, 32, 108, 71, 73, 52, 38, 17, 120, 96, 144, 132, 131, 25, 159, 29, 33, 83, 61, 156, 30, 122, 94, 58, 15, 7, 113]
0.10378363462513424;0;0;0.0020999999999999908;0.9979;52.0;5.0;[117, 100, 149, 72, 150]
0.06948321557604809;0;0;0.04630000000000001;0.9537;639.0;38.0;[146, 127, 134, 158, 47, 63, 2, 150, 157, 106, 81, 12, 24, 118, 31, 28, 97, 145, 35, 0, 4, 155, 38, 80, 85, 113, 61, 18, 125, 109, 19, 133, 55, 135, 132, 108, 27, 75]
0.048189040550860776;0;0;0.04800000000000004;0.952;645.0;40.0;[99, 91, 27, 152, 110, 145, 90, 8, 100, 153, 159, 4, 71, 66, 104, 92, 74, 113, 40, 154, 130, 85, 47, 45, 13, 36, 84, 157, 61, 41, 79, 115, 150, 1, 128, 24, 60, 55, 106, 21]
0.1542925257814653;0;0;0.0605;0.9395;932.0;46.0;[124, 73, 112, 3, 122, 27, 61, 142, 145, 135, 60, 130, 31, 108, 44, 134, 118, 72, 33, 99, 120, 63, 125, 59, 18, 87, 146, 101, 137, 23, 128, 151, 29, 39, 30, 35, 91, 82, 25, 111, 158, 51, 42, 47, 49, 86]
0.03333942975954465;0;0;0.05389999999999995;0.9461;810.0;43.0;[32, 135, 82, 11, 134, 109, 44, 90, 115, 125, 151, 37, 113, 133, 13, 85, 89, 150, 153, 55, 3, 138, 137, 31, 56, 105, 130, 27, 126, 28, 36, 53, 155, 83, 106, 147, 114, 80, 29, 121, 112, 140, 117]
0.03438223950612543;0;0;0.05520000000000003;0.9448;823.0;45.0;[11, 101, 125, 41, 7, 152, 26, 25, 69, 103, 132, 141, 118, 16, 12, 95, 87, 89, 97, 18, 61, 105, 35, 131, 75, 46, 20, 115, 107, 77, 145, 38, 88, 86, 17, 9, 58, 30, 53, 83, 62, 47, 31, 49, 102]
0.07773585147822358;0;0;0.030200000000000005;0.9698;441.0;30.0;[30, 36, 50, 128, 60, 108, 77, 121, 61, 99, 91, 151, 113, 48, 117, 122, 25, 145, 126, 9, 37, 7, 70, 44, 153, 82, 111, 10, 120, 94]
0.16597841223392334;0;0;0.04500000000000004;0.955;595.0;38.0;[38, 146, 133, 60, 78, 59, 140, 92, 33, 62, 134, 143, 48, 141, 0, 86, 31, 113, 40, 121, 110, 114, 49, 61, 39, 104, 108, 55, 145, 72, 109, 73, 37, 68, 76, 80, 85, 91]
0.06271457815939198;0;0;0.05579999999999996;0.9442;827.0;41.0;[137, 49, 114, 20, 32, 69, 25, 10, 67, 91, 17, 122, 142, 56, 119, 107, 57, 65, 155, 105, 27, 12, 55, 104, 62, 51, 149, 80, 154, 139, 72, 23, 153, 74, 52, 96, 133, 151, 34, 83, 110]
0.16830628445282914;0;0;0.02410000000000001;0.9759;379.0;20.0;[13, 10, 71, 141, 131, 80, 124, 68, 120, 86, 54, 117, 99, 17, 108, 63, 121, 40, 98, 82]
0.09831931155304785;0;0;0.06489999999999996;0.9351;973.0;56.0;[136, 45, 60, 17, 46, 125, 118, 37, 59, 143, 134, 58, 81, 155, 158, 66, 69, 27, 16, 92, 108, 50, 91, 47, 142, 140, 90, 103, 0, 144, 7, 32, 100, 10, 156, 64, 57, 119, 35, 122, 15, 89, 157, 123, 2, 62, 77, 151, 154, 29, 113, 152, 51, 128, 121, 83]
0.11892202350011816;0;0;0.016599999999999948;0.9834;267.0;17.0;[103, 28, 17, 15, 67, 10, 46, 60, 47, 118, 157, 3, 125, 147, 54, 95, 8]
0.12435907308652432;0;0;0.0031999999999999806;0.9968;114.0;6.0;[41, 51, 88, 87, 25, 101]
1.7976931348623157E308;0;0;0.08220000000000005;0.9178;1532.0;85.0;[29, 124, 154, 53, 94, 159, 109, 21, 144, 119, 54, 151, 59, 145, 134, 88, 140, 107, 114, 7, 15, 86, 37, 19, 58, 48, 105, 12, 50, 90, 49, 17, 158, 5, 156, 32, 136, 42, 55, 138, 148, 47, 23, 104, 110, 102, 3, 113, 103, 149, 24, 108, 56, 65, 25, 135, 4, 120, 75, 70, 157, 126, 130, 68, 89, 9, 101, 34, 81, 87, 116, 84, 8, 121, 66, 92, 118, 20, 64, 38, 72, 100, 40, 95, 16]
0.25668200399155494;0;0;0.07499999999999996;0.925;1294.0;69.0;[140, 150, 120, 72, 17, 153, 50, 94, 144, 41, 47, 146, 49, 115, 73, 76, 14, 7, 139, 55, 83, 57, 125, 158, 108, 107, 95, 138, 123, 51, 121, 147, 132, 126, 33, 88, 84, 119, 131, 54, 26, 27, 151, 11, 85, 21, 25, 116, 137, 127, 60, 86, 68, 105, 98, 90, 100, 149, 77, 133, 58, 155, 111, 34, 35, 89, 8, 23, 112]
0.13719686322828267;0;0;0.03749999999999998;0.9625;550.0;25.0;[52, 41, 22, 54, 39, 48, 51, 124, 69, 104, 101, 128, 28, 153, 116, 107, 27, 60, 6, 55, 113, 132, 49, 146, 155]
0.1237654736923163;0;0;0.050799999999999956;0.9492;751.0;40.0;[63, 67, 135, 131, 120, 83, 130, 126, 85, 150, 92, 137, 100, 115, 59, 44, 20, 98, 97, 79, 40, 53, 152, 119, 74, 132, 52, 72, 31, 30, 37, 76, 9, 47, 128, 12, 117, 34, 94, 144]
0.05728555018642269;0;0;0.02849999999999997;0.9715;437.0;19.0;[120, 112, 38, 9, 76, 6, 54, 35, 150, 11, 1, 90, 118, 56, 141, 29, 32, 30, 81]
0.09816690089777842;0;0;0.009600000000000053;0.9904;202.0;15.0;[100, 87, 158, 13, 95, 104, 78, 118, 37, 86, 17, 68, 22, 82, 48]
0.0803139980363078;0;0;0.0504;0.9496;673.0;44.0;[28, 114, 141, 54, 10, 31, 104, 57, 79, 64, 26, 47, 154, 55, 107, 62, 152, 37, 82, 77, 74, 21, 61, 100, 138, 16, 71, 113, 69, 75, 130, 44, 8, 121, 4, 119, 58, 129, 89, 30, 22, 9, 78, 15]
0.07661122127460215;0;0;0.05359999999999998;0.9464;802.0;43.0;[74, 113, 114, 124, 34, 85, 23, 134, 100, 61, 150, 32, 25, 63, 20, 130, 48, 33, 118, 50, 3, 76, 91, 126, 5, 123, 115, 97, 103, 60, 55, 143, 26, 139, 37, 98, 68, 90, 66, 82, 21, 122, 108]
0.13598239095418774;0;0;0.006099999999999994;0.9939;167.0;7.0;[33, 58, 132, 39, 14, 13, 137]
0.09581175519319239;0;0;0.012700000000000045;0.9873;242.0;13.0;[130, 6, 74, 81, 98, 9, 152, 111, 149, 11, 108, 119, 44]
0.07440046461185001;0;0;0.07069999999999999;0.9293;1095.0;57.0;[90, 86, 44, 19, 157, 142, 122, 26, 80, 37, 138, 139, 119, 5, 106, 159, 155, 6, 43, 64, 22, 127, 140, 114, 27, 115, 154, 10, 118, 52, 130, 128, 104, 67, 11, 137, 108, 38, 103, 74, 61, 146, 45, 59, 92, 18, 116, 7, 8, 21, 42, 35, 49, 84, 110, 150, 93]
0.14992235078194782;0;0;0.0796;0.9204;1378.0;75.0;[118, 83, 84, 95, 114, 157, 52, 85, 130, 119, 133, 31, 64, 6, 144, 111, 81, 56, 13, 122, 23, 100, 18, 68, 28, 8, 120, 51, 142, 1, 57, 25, 145, 109, 20, 140, 10, 146, 40, 15, 106, 82, 105, 134, 132, 141, 17, 86, 38, 126, 62, 101, 73, 66, 36, 14, 33, 99, 69, 156, 22, 50, 41, 74, 39, 3, 112, 26, 93, 55, 127, 158, 16, 116, 98]
0.18314466498533608;0;0;0.07099999999999995;0.929;1121.0;52.0;[116, 134, 19, 74, 141, 128, 155, 65, 55, 122, 93, 59, 66, 146, 140, 2, 24, 20, 8, 118, 71, 109, 22, 129, 72, 157, 153, 75, 105, 110, 158, 96, 137, 98, 142, 4, 90, 83, 56, 63, 94, 68, 123, 57, 73, 62, 51, 44, 127, 135, 84, 17]
0.1651778552130868;0;0;0.019100000000000006;0.9809;304.0;16.0;[112, 158, 151, 84, 22, 157, 53, 115, 105, 97, 134, 69, 43, 17, 59, 140]
0.047712556712806435;0;0;0.048900000000000055;0.9511;664.0;34.0;[85, 17, 88, 152, 39, 69, 11, 18, 138, 110, 132, 96, 118, 26, 89, 70, 103, 94, 62, 59, 156, 102, 74, 106, 22, 42, 24, 57, 67, 86, 98, 49, 40, 34]
0.06414402967355227;0;0;0.011499999999999955;0.9885;216.0;14.0;[23, 2, 156, 74, 72, 84, 29, 157, 95, 114, 151, 99, 26, 22]
0.09728452341990257;0;0;0.06499999999999995;0.935;998.0;51.0;[45, 159, 74, 38, 118, 31, 79, 47, 22, 64, 55, 13, 70, 125, 133, 108, 34, 37, 61, 76, 7, 119, 135, 93, 86, 71, 10, 99, 87, 17, 50, 151, 62, 73, 114, 146, 132, 32, 91, 40, 3, 39, 154, 103, 106, 142, 81, 153, 137, 111, 48]
0.09184747383349642;0;0;0.02749999999999997;0.9725;404.0;24.0;[36, 149, 129, 133, 72, 44, 71, 28, 159, 1, 55, 67, 12, 33, 102, 158, 134, 24, 156, 114, 22, 148, 18, 137]
0.09045331741845186;0;0;0.03500000000000003;0.965;514.0;23.0;[20, 75, 47, 102, 100, 99, 40, 69, 54, 159, 111, 8, 155, 43, 13, 36, 157, 137, 89, 130, 124, 126, 118]
0.11135282906262686;0;0;0.07889999999999997;0.9211;1365.0;70.0;[137, 10, 65, 121, 128, 135, 4, 103, 87, 108, 28, 8, 5, 80, 66, 59, 19, 105, 159, 0, 29, 50, 47, 26, 111, 133, 142, 130, 86, 123, 38, 30, 62, 73, 52, 157, 110, 39, 15, 11, 90, 35, 98, 150, 113, 145, 100, 141, 27, 120, 36, 79, 72, 48, 138, 143, 45, 16, 34, 151, 131, 70, 153, 101, 12, 78, 20, 63, 13, 57]
0.1263548505092124;0;0;0.057699999999999974;0.9423;872.0;38.0;[57, 128, 109, 114, 115, 112, 54, 72, 6, 87, 55, 159, 73, 153, 143, 144, 97, 148, 64, 103, 118, 53, 60, 34, 85, 123, 88, 110, 139, 21, 10, 141, 71, 69, 140, 18, 92, 127]
1.7976931348623157E308;0;0;3.9999999999995595E-4;0.9996;8.0;1.0;[126]
0.054184394432357855;0;0;0.0363;0.9637;548.0;31.0;[107, 145, 81, 24, 94, 97, 40, 157, 14, 29, 18, 136, 100, 47, 64, 88, 142, 22, 135, 154, 23, 99, 30, 144, 86, 60, 106, 69, 125, 119, 121]






































0.07853177488623772;0;0;0.08579999999999999;0.9142;1463.0;82.0;[127, 5, 48, 61, 42, 71, 125, 118, 69, 75, 98, 156, 10, 32, 94, 150, 25, 146, 49, 101, 28, 19, 88, 104, 36, 95, 79, 68, 157, 126, 90, 144, 55, 122, 33, 139, 53, 58, 86, 37, 74, 65, 112, 145, 131, 76, 109, 105, 72, 15, 83, 8, 151, 29, 51, 85, 35, 66, 136, 67, 111, 59, 155, 57, 24, 18, 132, 106, 17, 103, 97, 154, 84, 81, 152, 38, 21, 11, 121, 80, 137, 7]
0.061884178666218634;0;0;0.014900000000000024;0.9851;205.0;21.0;[100, 141, 109, 29, 130, 80, 35, 91, 47, 36, 17, 15, 67, 10, 8, 22, 152, 71, 85, 157, 126]
0.04125009442535811;0;0;0.0847;0.9153;1456.0;79.0;[38, 0, 36, 40, 132, 93, 20, 107, 103, 84, 27, 102, 11, 141, 148, 111, 4, 31, 18, 72, 90, 136, 133, 48, 97, 45, 79, 147, 10, 29, 44, 59, 110, 114, 55, 146, 68, 86, 19, 131, 22, 77, 116, 7, 15, 17, 96, 158, 13, 126, 49, 46, 123, 87, 47, 128, 157, 154, 69, 16, 109, 144, 39, 51, 88, 124, 85, 41, 43, 33, 106, 65, 152, 1, 42, 92, 61, 145, 14]
0.044737460428243586;0;0;0.009099999999999997;0.9909;134.0;16.0;[120, 67, 28, 0, 65, 85, 80, 35, 47, 36, 15, 8, 22, 152, 157, 126]
0.10267407981039864;0;0;0.06659999999999999;0.9334;843.0;49.0;[121, 59, 17, 116, 103, 80, 0, 111, 133, 130, 73, 113, 100, 141, 57, 145, 37, 115, 45, 118, 48, 44, 27, 22, 96, 49, 109, 39, 124, 134, 93, 21, 1, 127, 137, 65, 5, 29, 150, 120, 72, 63, 85, 88, 152, 18, 156, 24, 34]
0.040389491280194686;0;0;0.0827;0.9173;1392.0;77.0;[123, 110, 146, 49, 101, 4, 95, 61, 79, 45, 94, 139, 134, 58, 86, 98, 89, 1, 74, 65, 112, 145, 100, 76, 22, 107, 15, 29, 66, 136, 13, 3, 17, 21, 80, 36, 40, 132, 20, 103, 27, 102, 11, 141, 148, 111, 31, 18, 72, 133, 48, 147, 10, 59, 114, 68, 19, 77, 7, 96, 158, 126, 87, 47, 154, 69, 16, 109, 144, 39, 88, 85, 43, 152, 42, 92, 14]
0.056062942206118765;0;0;0.09140000000000004;0.9086;1637.0;89.0;[123, 146, 88, 104, 79, 144, 94, 32, 53, 74, 54, 112, 147, 64, 72, 151, 35, 67, 13, 48, 156, 153, 81, 7, 69, 80, 11, 129, 76, 59, 113, 83, 111, 22, 4, 157, 108, 117, 125, 122, 119, 62, 36, 91, 57, 96, 142, 41, 75, 84, 46, 134, 158, 141, 78, 77, 50, 45, 25, 100, 98, 97, 51, 137, 131, 14, 70, 8, 133, 135, 66, 87, 17, 3, 107, 152, 118, 115, 145, 92, 138, 103, 23, 140, 106, 120, 102, 29, 99]
0.15113479584889905;0;0;0.09530000000000005;0.9047;1858.0;98.0;[147, 69, 94, 80, 11, 129, 76, 59, 101, 113, 53, 104, 126, 151, 83, 111, 22, 26, 4, 157, 108, 146, 117, 125, 122, 119, 39, 62, 36, 81, 33, 20, 73, 91, 27, 57, 96, 142, 121, 41, 48, 75, 67, 124, 84, 46, 21, 85, 134, 139, 63, 38, 158, 7, 141, 78, 144, 148, 77, 50, 45, 25, 100, 98, 112, 97, 51, 137, 131, 14, 70, 5, 8, 133, 135, 66, 71, 88, 87, 17, 60, 3, 107, 152, 118, 115, 145, 92, 32, 138, 103, 23, 140, 106, 120, 102, 29, 99]
0.029945467327898958;0;0;0.025800000000000045;0.9742;340.0;24.0;[22, 36, 157, 27, 104, 93, 65, 5, 133, 11, 110, 74, 17, 8, 4, 61, 140, 127, 59, 78, 54, 120, 66, 47]
0.08886225668960185;0;0;0.0766;0.9234;1135.0;67.0;[110, 127, 118, 59, 98, 67, 65, 0, 41, 137, 145, 45, 128, 42, 71, 125, 38, 66, 154, 11, 57, 101, 27, 60, 142, 28, 18, 143, 90, 56, 19, 75, 156, 79, 10, 136, 115, 114, 55, 146, 32, 131, 133, 7, 15, 54, 17, 104, 13, 126, 64, 87, 47, 157, 24, 16, 108, 132, 144, 39, 134, 150, 21, 33, 61, 58, 100]
0.09101677689523793;0;0;0.07240000000000002;0.9276;953.0;53.0;[17, 103, 100, 45, 118, 96, 1, 127, 65, 29, 72, 152, 156, 111, 147, 88, 125, 28, 109, 79, 31, 104, 13, 80, 16, 108, 144, 94, 39, 150, 33, 4, 41, 36, 61, 115, 106, 8, 140, 35, 38, 32, 159, 133, 22, 137, 71, 154, 59, 62, 90, 141, 34]
0.03348056737706932;0;0;0.09960000000000002;0.9004;2141.0;105.0;[26, 50, 58, 70, 96, 103, 62, 143, 138, 86, 84, 13, 131, 20, 64, 102, 17, 152, 68, 41, 24, 82, 132, 57, 75, 3, 77, 67, 100, 14, 19, 142, 28, 9, 72, 81, 0, 118, 158, 11, 99, 38, 101, 89, 128, 112, 110, 146, 22, 90, 92, 7, 139, 141, 44, 135, 87, 130, 61, 78, 155, 125, 1, 111, 34, 39, 134, 129, 32, 97, 127, 35, 65, 122, 126, 2, 91, 80, 25, 140, 137, 53, 113, 149, 15, 5, 115, 55, 43, 23, 144, 120, 52, 83, 133, 159, 36, 42, 76, 79, 88, 154, 148, 121, 31]
1.7976931348623157E308;0;0;0.09970000000000001;0.9003;2181.0;105.0;[140, 9, 95, 35, 128, 89, 21, 138, 105, 20, 147, 101, 107, 62, 110, 129, 8, 42, 103, 52, 84, 67, 71, 88, 1, 96, 27, 123, 137, 59, 39, 50, 60, 142, 125, 38, 121, 102, 69, 155, 11, 141, 104, 116, 148, 79, 10, 124, 156, 132, 78, 93, 91, 23, 111, 28, 4, 31, 65, 106, 131, 46, 18, 81, 45, 118, 68, 143, 115, 33, 86, 100, 0, 26, 73, 151, 43, 145, 32, 44, 22, 16, 58, 5, 72, 41, 57, 135, 90, 54, 83, 136, 56, 3, 19, 133, 49, 75, 64, 13, 109, 80, 159, 154, 126]
0.027157428274960416;0;0;0.012900000000000023;0.9871;176.0;20.0;[8, 47, 120, 85, 102, 74, 57, 34, 133, 110, 24, 84, 10, 60, 41, 91, 145, 66, 45, 106]
0.038521838789613454;0;0;0.043300000000000005;0.9567;517.0;40.0;[123, 22, 57, 145, 74, 35, 39, 102, 109, 48, 143, 140, 17, 146, 54, 27, 133, 69, 115, 159, 130, 85, 65, 29, 120, 0, 80, 41, 28, 156, 137, 91, 66, 47, 45, 36, 61, 150, 55, 106]
0.03343283333078444;0;0;0.049699999999999966;0.9503;596.0;42.0;[116, 100, 141, 118, 44, 27, 49, 109, 39, 134, 137, 29, 150, 120, 24, 140, 67, 133, 69, 78, 115, 54, 159, 130, 85, 90, 0, 80, 157, 35, 22, 84, 41, 156, 91, 145, 74, 47, 45, 36, 61, 55]
0.03540800328484332;0;0;0.08240000000000003;0.9176;1360.0;70.0;[140, 9, 89, 101, 8, 42, 52, 84, 96, 123, 46, 45, 118, 86, 43, 153, 64, 13, 126, 59, 73, 150, 36, 138, 22, 65, 5, 72, 17, 24, 71, 125, 38, 69, 66, 154, 29, 27, 60, 142, 143, 75, 109, 98, 79, 10, 110, 115, 114, 146, 32, 77, 7, 15, 54, 104, 80, 87, 47, 157, 108, 132, 144, 39, 2, 20, 61, 145, 100, 107]
0.04916606767390129;0;0;0.019000000000000017;0.981;254.0;26.0;[22, 154, 0, 57, 37, 45, 65, 142, 67, 156, 8, 47, 55, 126, 104, 50, 133, 120, 72, 85, 17, 18, 89, 74, 49, 34]
0.037227921729139676;0;0;0.02080000000000004;0.9792;271.0;23.0;[133, 34, 110, 24, 84, 157, 21, 152, 10, 60, 4, 85, 41, 156, 91, 145, 8, 66, 74, 47, 45, 1, 106]
0.10016085910160819;0;0;0.07289999999999996;0.9271;1065.0;55.0;[140, 84, 78, 80, 59, 72, 142, 106, 155, 43, 10, 128, 20, 42, 52, 67, 71, 27, 125, 121, 23, 18, 81, 45, 118, 86, 73, 145, 22, 41, 133, 109, 38, 69, 115, 5, 54, 159, 137, 66, 85, 122, 154, 65, 47, 123, 15, 11, 98, 141, 120, 36, 34, 12, 57]
0.03690814996276315;0;0;0.0010000000000000009;0.999;38.0;3.0;[152, 36, 126]
0.11578055129579455;0;0;0.09389999999999998;0.9061;1757.0;98.0;[155, 142, 132, 30, 39, 127, 29, 74, 130, 54, 22, 159, 100, 60, 136, 157, 144, 52, 102, 56, 121, 84, 128, 43, 25, 123, 110, 146, 49, 28, 19, 88, 69, 4, 6, 104, 71, 36, 95, 61, 68, 45, 99, 126, 125, 90, 55, 94, 32, 33, 9, 139, 134, 58, 86, 37, 108, 1, 143, 112, 147, 5, 115, 145, 40, 131, 109, 105, 72, 107, 15, 8, 151, 35, 67, 3, 48, 111, 59, 57, 24, 156, 18, 106, 17, 20, 103, 97, 153, 81, 152, 21, 11, 75, 80, 137, 0, 7]
0.05282073455745719;0;0;0.00539999999999996;0.9946;125.0;10.0;[44, 109, 120, 115, 130, 22, 41, 91, 74, 55]
0.05184056457790823;0;0;0.03939999999999999;0.9606;460.0;37.0;[17, 22, 71, 157, 140, 67, 27, 81, 133, 38, 78, 115, 54, 159, 130, 85, 65, 29, 90, 120, 48, 0, 80, 35, 84, 41, 28, 156, 91, 66, 74, 47, 45, 61, 150, 55, 106]
0.06122378045304732;0;0;0.029900000000000038;0.9701;380.0;30.0;[140, 84, 67, 121, 145, 75, 8, 38, 66, 154, 65, 90, 36, 131, 17, 10, 60, 4, 41, 24, 133, 28, 156, 137, 99, 91, 47, 45, 115, 150]
0.050086454236257474;0;0;0.04179999999999995;0.9582;492.0;39.0;[140, 67, 27, 81, 133, 38, 69, 78, 115, 54, 159, 130, 85, 65, 29, 90, 120, 48, 0, 80, 157, 35, 22, 84, 41, 28, 156, 137, 91, 145, 66, 74, 47, 45, 36, 61, 150, 55, 106]
0.03998305673075542;0;0;0.061899999999999955;0.9381;801.0;45.0;[8, 71, 157, 145, 37, 115, 45, 118, 103, 79, 91, 27, 86, 22, 104, 96, 109, 39, 124, 134, 93, 21, 1, 42, 107, 127, 137, 65, 5, 111, 133, 150, 141, 120, 72, 85, 17, 88, 152, 11, 110, 89, 94, 24, 57]
0.03918223700278365;0;0;0.0040999999999999925;0.9959;92.0;8.0;[22, 152, 8, 71, 85, 36, 157, 126]
0.05048686410024392;0;0;0.09030000000000005;0.9097;1594.0;88.0;[22, 109, 69, 159, 130, 47, 25, 110, 28, 19, 88, 4, 6, 104, 95, 61, 79, 68, 157, 126, 144, 55, 122, 32, 33, 139, 53, 58, 86, 98, 89, 37, 108, 1, 74, 54, 143, 65, 112, 147, 5, 115, 145, 100, 131, 76, 105, 64, 72, 107, 15, 83, 8, 151, 29, 51, 85, 150, 35, 66, 136, 13, 48, 59, 155, 57, 24, 156, 18, 132, 41, 17, 20, 103, 97, 153, 154, 84, 81, 152, 38, 21, 11, 75, 121, 80, 0, 7]
0.024482931370954593;0;0;0.04610000000000003;0.9539;583.0;35.0;[5, 10, 130, 67, 59, 49, 28, 45, 42, 60, 93, 81, 145, 46, 118, 125, 147, 54, 29, 120, 156, 133, 22, 152, 85, 115, 65, 128, 110, 55, 106, 64, 154, 74, 92]
0.04827256047741507;0;0;0.025000000000000022;0.975;309.0;25.0;[59, 86, 17, 8, 22, 152, 10, 60, 4, 85, 84, 41, 21, 133, 28, 156, 145, 90, 66, 74, 47, 45, 115, 150, 106]
0.029598816195651342;0;0;0.045499999999999985;0.9545;541.0;41.0;[103, 133, 130, 145, 37, 118, 109, 39, 21, 88, 18, 116, 16, 108, 61, 115, 10, 98, 80, 110, 17, 8, 157, 4, 140, 57, 67, 78, 54, 85, 120, 48, 35, 41, 156, 137, 91, 66, 150, 55, 106]
0.030525227443461478;0;0;0.05689999999999995;0.9431;682.0;48.0;[80, 19, 110, 68, 17, 8, 157, 4, 36, 61, 140, 116, 133, 22, 71, 127, 154, 118, 59, 73, 98, 57, 67, 27, 81, 69, 78, 115, 54, 159, 130, 85, 65, 120, 48, 0, 35, 41, 156, 137, 91, 145, 66, 47, 45, 150, 55, 106]
0.048505669460731086;0;0;0.0232;0.9768;292.0;29.0;[80, 19, 133, 71, 67, 69, 115, 85, 48, 35, 156, 91, 145, 45, 150, 106, 110, 24, 84, 157, 21, 152, 10, 60, 4, 41, 8, 66, 47]
0.029231310382988814;0;0;0.026900000000000035;0.9731;355.0;27.0;[22, 57, 74, 109, 17, 27, 133, 85, 5, 44, 134, 107, 65, 150, 89, 24, 81, 29, 0, 80, 35, 47, 36, 126, 49, 152, 125]
0.04959335690375659;0;0;0.08440000000000003;0.9156;1404.0;76.0;[126, 142, 132, 30, 39, 29, 74, 130, 54, 22, 159, 100, 60, 157, 52, 102, 84, 128, 43, 25, 123, 146, 28, 88, 69, 4, 6, 104, 71, 36, 61, 45, 99, 125, 90, 55, 32, 33, 9, 139, 134, 58, 37, 1, 143, 112, 5, 115, 145, 40, 131, 109, 72, 107, 15, 151, 35, 67, 48, 59, 57, 24, 106, 17, 20, 103, 97, 153, 152, 21, 11, 75, 80, 137, 0, 7]
1.7976931348623157E308;0;0;3.9999999999995595E-4;0.9996;8.0;1.0;[126]
0.02730387447521481;0;0;0.038000000000000034;0.962;438.0;36.0;[8, 157, 116, 57, 130, 65, 120, 0, 91, 47, 140, 67, 27, 81, 133, 38, 78, 159, 85, 29, 90, 48, 80, 35, 22, 84, 41, 55, 137, 145, 74, 45, 36, 61, 150, 106]
0.06697318412504653;0;0;0.06140000000000001;0.9386;747.0;49.0;[57, 120, 0, 47, 133, 78, 85, 48, 84, 145, 74, 45, 36, 150, 17, 100, 118, 1, 127, 65, 29, 72, 152, 147, 88, 125, 109, 79, 104, 13, 80, 108, 144, 94, 39, 33, 4, 41, 61, 106, 140, 159, 22, 137, 154, 62, 90, 141, 34]
0.1594720336418436;0;0;0.09889999999999999;0.9011;1976.0;106.0;[25, 123, 110, 146, 49, 101, 28, 19, 88, 69, 4, 6, 104, 71, 36, 95, 61, 79, 68, 45, 99, 157, 126, 125, 90, 144, 55, 122, 94, 32, 33, 9, 139, 53, 134, 58, 86, 98, 89, 37, 108, 1, 74, 54, 143, 65, 112, 147, 5, 115, 145, 40, 100, 131, 76, 109, 105, 52, 64, 72, 22, 107, 15, 83, 8, 151, 29, 51, 85, 150, 35, 66, 136, 67, 13, 3, 48, 111, 59, 155, 57, 24, 156, 18, 132, 106, 41, 17, 20, 103, 97, 153, 154, 84, 81, 152, 38, 21, 11, 39, 75, 121, 80, 137, 0, 7]
0.042663578320216305;0;0;0.01100000000000001;0.989;153.0;16.0;[100, 130, 15, 67, 141, 109, 80, 35, 47, 36, 17, 10, 8, 22, 152, 157]
0.033199724347468415;0;0;0.04500000000000004;0.955;530.0;39.0;[80, 72, 106, 155, 43, 128, 81, 86, 38, 120, 36, 140, 67, 27, 133, 69, 78, 115, 54, 159, 130, 85, 29, 48, 0, 157, 35, 22, 84, 41, 28, 137, 91, 145, 66, 74, 47, 61, 55]
0.04171631239199014;0;0;0.02849999999999997;0.9715;361.0;29.0;[128, 5, 74, 138, 44, 134, 107, 65, 150, 17, 89, 24, 57, 81, 29, 0, 80, 35, 28, 156, 47, 36, 61, 126, 59, 49, 152, 46, 125]
0.024222943021768598;0;0;0.038799999999999946;0.9612;445.0;32.0;[137, 130, 141, 27, 36, 104, 39, 93, 65, 5, 133, 11, 110, 74, 68, 17, 8, 4, 61, 140, 22, 127, 59, 98, 57, 81, 78, 54, 120, 41, 66, 47]
0.0629181073775053;0;0;0.06930000000000003;0.9307;946.0;53.0;[145, 37, 115, 45, 118, 103, 138, 48, 79, 44, 91, 27, 86, 22, 104, 96, 49, 157, 109, 39, 124, 134, 93, 21, 1, 42, 107, 127, 137, 65, 5, 29, 111, 133, 150, 141, 120, 72, 63, 85, 17, 88, 152, 11, 18, 110, 26, 89, 94, 156, 24, 57, 34]
0.041369661259743645;0;0;0.08889999999999998;0.9111;1582.0;84.0;[111, 147, 101, 88, 27, 60, 142, 125, 28, 65, 46, 18, 143, 43, 72, 90, 56, 19, 75, 109, 159, 118, 98, 156, 45, 79, 71, 10, 29, 136, 31, 110, 115, 114, 55, 146, 86, 32, 131, 22, 133, 77, 116, 7, 15, 54, 17, 104, 13, 80, 126, 64, 49, 87, 47, 8, 128, 157, 24, 154, 16, 108, 132, 144, 120, 94, 39, 11, 52, 124, 134, 41, 150, 21, 33, 2, 20, 36, 42, 61, 58, 145, 100, 107]
0.032939735998283544;0;0;0.0031999999999999806;0.9968;88.0;7.0;[10, 145, 152, 115, 128, 110, 126]
0.06947435546293024;0;0;0.07540000000000002;0.9246;1105.0;63.0;[59, 116, 80, 57, 115, 96, 49, 93, 72, 88, 152, 18, 156, 22, 109, 157, 58, 64, 35, 24, 41, 103, 75, 121, 108, 128, 27, 28, 127, 107, 102, 141, 4, 31, 133, 97, 79, 147, 29, 110, 86, 19, 15, 17, 158, 13, 87, 47, 69, 113, 62, 39, 52, 124, 134, 43, 21, 33, 106, 36, 1, 61, 145]
0.08298123681231145;0;0;0.09930000000000005;0.9007;2117.0;108.0;[118, 103, 138, 98, 48, 97, 156, 12, 45, 79, 147, 71, 10, 29, 44, 136, 31, 59, 111, 110, 84, 159, 91, 115, 114, 55, 146, 68, 27, 86, 26, 32, 19, 131, 22, 133, 77, 116, 7, 15, 54, 17, 104, 96, 158, 13, 80, 126, 64, 49, 46, 123, 87, 47, 75, 8, 40, 128, 157, 24, 154, 69, 16, 112, 108, 109, 132, 113, 144, 62, 120, 94, 39, 51, 11, 88, 52, 124, 149, 134, 85, 41, 60, 125, 43, 93, 150, 21, 33, 2, 66, 20, 106, 83, 65, 152, 36, 1, 42, 90, 92, 61, 58, 145, 148, 100, 14, 107]
0.09898048419006712;0;0;0.08220000000000005;0.9178;1326.0;74.0;[140, 71, 113, 37, 22, 124, 134, 21, 127, 120, 72, 85, 111, 147, 101, 88, 27, 60, 142, 125, 28, 65, 46, 43, 56, 19, 109, 159, 118, 98, 45, 10, 29, 136, 31, 115, 114, 146, 86, 32, 131, 133, 116, 7, 15, 54, 17, 104, 13, 80, 126, 49, 87, 47, 8, 128, 157, 154, 16, 108, 132, 144, 94, 11, 52, 41, 150, 20, 36, 42, 61, 58, 145, 100]
0.042236289090359896;0;0;0.0474;0.9526;595.0;33.0;[121, 57, 37, 115, 48, 27, 22, 39, 134, 93, 29, 63, 152, 36, 8, 154, 59, 47, 62, 17, 0, 111, 73, 96, 49, 109, 124, 65, 5, 150, 88, 156, 24]
0.03814228360604304;0;0;0.057699999999999974;0.9423;687.0;42.0;[47, 54, 121, 59, 17, 116, 103, 0, 111, 133, 130, 73, 113, 100, 141, 57, 37, 115, 45, 48, 44, 27, 22, 49, 39, 124, 134, 93, 21, 137, 65, 29, 150, 120, 72, 63, 88, 152, 18, 156, 24, 34]
0.02312923089328916;0;0;0.0020999999999999908;0.9979;51.0;6.0;[126, 22, 8, 85, 36, 157]
0.06487242265114929;0;0;0.05789999999999995;0.9421;743.0;44.0;[126, 22, 71, 37, 115, 45, 118, 103, 48, 79, 44, 91, 27, 86, 104, 49, 109, 39, 124, 134, 93, 21, 1, 107, 127, 137, 65, 5, 29, 133, 150, 141, 120, 63, 152, 18, 110, 26, 89, 94, 156, 24, 57, 34]
0.03138583058862601;0;0;0.054400000000000004;0.9456;662.0;42.0;[121, 57, 115, 134, 109, 59, 17, 103, 111, 133, 130, 73, 113, 100, 145, 37, 45, 48, 44, 22, 96, 49, 39, 3, 93, 21, 1, 127, 137, 65, 5, 29, 150, 120, 63, 85, 88, 152, 18, 156, 24, 34]
0.0745902402876281;0;0;0.06830000000000003;0.9317;906.0;49.0;[121, 59, 116, 103, 130, 115, 118, 96, 124, 72, 85, 88, 18, 156, 24, 17, 45, 1, 127, 65, 29, 147, 125, 28, 109, 79, 104, 13, 80, 16, 108, 144, 39, 150, 4, 41, 36, 106, 8, 35, 32, 159, 133, 137, 71, 154, 62, 90, 34]
0.025370413881987984;0;0;0.04569999999999996;0.9543;579.0;33.0;[103, 96, 156, 111, 28, 31, 16, 115, 8, 35, 38, 32, 71, 59, 157, 116, 130, 65, 91, 140, 67, 27, 81, 159, 29, 90, 80, 22, 41, 55, 137, 61, 106]
0.031532276788879286;0;0;0.05289999999999995;0.9471;628.0;38.0;[133, 34, 91, 74, 1, 106, 110, 68, 17, 8, 157, 4, 36, 61, 140, 116, 22, 127, 154, 118, 59, 73, 98, 57, 27, 81, 78, 54, 159, 130, 65, 120, 0, 41, 137, 66, 47, 55]
0.032512446768428245;0;0;0.03649999999999998;0.9635;436.0;34.0;[36, 126, 22, 57, 145, 74, 35, 39, 102, 109, 48, 140, 17, 146, 54, 27, 133, 69, 115, 159, 65, 29, 0, 80, 41, 156, 137, 91, 66, 47, 45, 61, 150, 106]
0.06383849393986149;0;0;0.01770000000000005;0.9823;232.0;20.0;[120, 41, 145, 55, 67, 38, 157, 28, 137, 59, 17, 0, 48, 44, 27, 34, 65, 36, 152, 85]
0.1442916800484204;0;0;0.0797;0.9203;1204.0;68.0;[59, 73, 150, 36, 45, 138, 22, 65, 5, 72, 17, 24, 128, 71, 125, 118, 38, 69, 66, 154, 29, 57, 101, 27, 60, 142, 28, 18, 143, 75, 109, 98, 156, 79, 10, 110, 115, 114, 55, 146, 86, 32, 77, 7, 15, 54, 104, 13, 80, 126, 64, 87, 47, 8, 157, 108, 132, 144, 94, 39, 52, 134, 2, 20, 61, 145, 100, 107]
0.08598153016814887;0;0;0.0877;0.9123;1561.0;90.0;[95, 23, 71, 48, 107, 11, 133, 24, 6, 46, 12, 15, 4, 126, 139, 80, 92, 104, 47, 18, 120, 152, 125, 61, 86, 132, 121, 105, 149, 78, 16, 20, 130, 93, 157, 94, 111, 140, 56, 79, 108, 82, 63, 28, 106, 127, 136, 114, 1, 74, 123, 50, 62, 44, 77, 91, 145, 43, 55, 34, 31, 66, 41, 153, 137, 81, 109, 154, 102, 141, 85, 10, 98, 158, 147, 33, 19, 8, 89, 135, 69, 96, 118, 128, 45, 151, 72, 22, 57, 35]
0.056302075874888724;0;0;0.033299999999999996;0.9667;389.0;35.0;[35, 39, 102, 133, 29, 156, 36, 150, 17, 22, 71, 157, 140, 67, 27, 81, 38, 78, 115, 90, 120, 48, 0, 80, 84, 41, 28, 91, 66, 74, 47, 45, 61, 55, 106]
0.03348659206252327;0;0;0.01319999999999999;0.9868;196.0;15.0;[59, 17, 103, 80, 0, 48, 44, 27, 34, 65, 36, 22, 152, 85, 157]
0.041402565311066446;0;0;0.00770000000000004;0.9923;128.0;12.0;[145, 35, 140, 65, 80, 36, 22, 152, 71, 85, 157, 126]
0.026063716146482098;0;0;0.0504;0.9496;602.0;38.0;[60, 41, 156, 74, 121, 17, 103, 80, 0, 111, 73, 113, 141, 57, 145, 37, 115, 45, 118, 48, 44, 27, 22, 96, 109, 134, 21, 1, 127, 137, 65, 29, 150, 72, 85, 88, 18, 24]
0.03075231174132467;0;0;0.05349999999999999;0.9465;638.0;44.0;[109, 116, 16, 108, 61, 115, 159, 10, 118, 98, 80, 110, 68, 17, 8, 157, 4, 140, 133, 71, 127, 154, 73, 57, 67, 27, 81, 78, 54, 130, 85, 65, 120, 48, 0, 35, 41, 156, 137, 91, 66, 150, 55, 106]
0.026610572210721817;0;0;0.04249999999999998;0.9575;501.0;37.0;[86, 17, 22, 10, 60, 28, 156, 123, 57, 145, 74, 35, 102, 109, 48, 143, 140, 146, 54, 27, 133, 69, 115, 159, 130, 85, 65, 29, 120, 41, 66, 47, 45, 36, 150, 55, 106]
0.029718383030036884;0;0;0.011600000000000055;0.9884;172.0;15.0;[15, 22, 85, 126, 80, 150, 5, 130, 59, 8, 152, 28, 46, 157, 125]
0.035934004668667016;0;0;0.03500000000000003;0.965;433.0;33.0;[22, 69, 54, 85, 120, 48, 41, 91, 145, 66, 74, 55, 106, 140, 67, 81, 38, 78, 115, 159, 130, 65, 90, 0, 80, 157, 35, 84, 28, 156, 137, 47, 36]
0.03714125894607805;0;0;0.051100000000000034;0.9489;622.0;34.0;[116, 80, 0, 141, 57, 118, 27, 72, 37, 48, 22, 39, 93, 29, 63, 152, 36, 8, 154, 59, 47, 62, 17, 111, 73, 96, 49, 124, 65, 5, 150, 88, 156, 24]
0.08039942737681896;0;0;0.09179999999999999;0.9082;1683.0;88.0;[45, 65, 72, 128, 118, 38, 154, 101, 27, 60, 18, 143, 109, 98, 64, 8, 157, 155, 142, 132, 30, 39, 127, 29, 74, 130, 54, 22, 159, 100, 136, 144, 52, 121, 84, 43, 123, 110, 146, 49, 28, 69, 4, 6, 95, 61, 68, 99, 126, 125, 55, 33, 139, 134, 86, 37, 108, 1, 112, 147, 5, 115, 145, 40, 105, 151, 35, 67, 3, 48, 111, 59, 57, 24, 106, 17, 20, 103, 97, 153, 152, 21, 11, 75, 80, 137, 0, 7]
0.028104694203186578;0;0;0.0021999999999999797;0.9978;62.0;6.0;[126, 22, 8, 71, 85, 157]
0.03736834324394124;0;0;0.03380000000000005;0.9662;417.0;32.0;[48, 142, 22, 67, 21, 156, 8, 47, 45, 115, 55, 126, 104, 65, 50, 133, 150, 120, 72, 63, 85, 17, 18, 138, 96, 89, 102, 74, 57, 49, 40, 34]
0.06665943704412283;0;0;0.06240000000000001;0.9376;812.0;51.0;[118, 69, 65, 29, 46, 72, 109, 45, 110, 86, 77, 80, 8, 94, 52, 2, 20, 107, 19, 68, 17, 157, 4, 36, 61, 140, 116, 133, 22, 71, 154, 73, 57, 27, 81, 78, 115, 54, 159, 130, 85, 120, 48, 35, 156, 91, 66, 47, 150, 55, 106]


0.1248202779700747;2;0;0.02859999999999996;0.9714;405.0;22.0;[18, 15, 135, 70, 24, 8, 109, 118, 88, 4, 66, 74, 53, 10, 54, 158, 86, 37, 59, 146, 28, 45]
0.2717423789599488;1;0;0.021599999999999953;0.9784;315.0;20.0;[101, 27, 7, 108, 141, 15, 59, 107, 8, 120, 109, 16, 78, 66, 86, 69, 54, 110, 130, 84]
1.7976931348623157E308;0;0;0.04359999999999997;0.9564;559.0;29.0;[59, 81, 37, 53, 54, 144, 72, 128, 69, 30, 88, 109, 158, 110, 15, 17, 4, 28, 90, 141, 74, 62, 1, 21, 152, 103, 66, 100, 73]
1.7976931348623157E308;0;0;0.0036000000000000476;0.9964;97.0;8.0;[86, 146, 35, 30, 17, 65, 16, 123]
0.26776748356245894;1;0;0.009600000000000053;0.9904;178.0;15.0;[10, 9, 157, 125, 158, 17, 95, 56, 80, 94, 60, 131, 100, 31, 16]
0.09444805194805013;0;0;0.02190000000000003;0.9781;314.0;21.0;[61, 8, 119, 141, 26, 90, 35, 86, 147, 50, 17, 88, 110, 56, 54, 118, 74, 130, 72, 15, 28]
0.2293831168831158;0;0;0.006800000000000028;0.9932;151.0;11.0;[59, 146, 26, 107, 141, 30, 17, 65, 16, 123, 37]
0.12792207792207805;0;0;0.011800000000000033;0.9882;188.0;16.0;[81, 65, 8, 64, 80, 47, 134, 38, 88, 16, 30, 35, 86, 69, 158, 24]
0.1693962940824869;1;0;0.03180000000000005;0.9682;428.0;26.0;[24, 10, 110, 50, 91, 118, 74, 125, 72, 28, 112, 68, 130, 90, 80, 8, 26, 38, 107, 16, 30, 140, 35, 60, 1, 141]
0.135177591991055;2;0;0.018299999999999983;0.9817;280.0;17.0;[72, 123, 88, 69, 58, 56, 15, 65, 9, 86, 157, 109, 158, 139, 130, 17, 26]
0.14908846383741994;1;0;0.022499999999999964;0.9775;333.0;21.0;[95, 56, 80, 86, 100, 147, 61, 24, 10, 81, 8, 7, 39, 57, 101, 54, 9, 138, 144, 4, 90]
2.0;5;0;0.01990000000000003;0.9801;304.0;23.0;[56, 26, 87, 40, 74, 115, 37, 15, 146, 61, 8, 119, 141, 90, 35, 94, 10, 60, 131, 50, 31, 17, 16]
1.7976931348623157E308;2;0;0.03249999999999997;0.9675;444.0;25.0;[109, 107, 16, 30, 86, 60, 80, 28, 40, 24, 10, 7, 39, 88, 57, 27, 9, 110, 139, 37, 70, 15, 69, 144, 63]
1.7976931348623157E308;5;0;0.020199999999999996;0.9798;312.0;18.0;[109, 54, 4, 65, 50, 24, 139, 69, 80, 26, 38, 157, 140, 35, 59, 1, 158, 141]
1.7976931348623157E308;4;0;0.01739999999999997;0.9826;296.0;15.0;[149, 70, 54, 16, 69, 26, 94, 10, 118, 27, 101, 15, 86, 108, 65]
0.25286909742976366;1;0;0.02070000000000005;0.9793;278.0;22.0;[134, 114, 157, 24, 56, 69, 144, 127, 7, 115, 126, 72, 18, 17, 4, 59, 88, 75, 118, 100, 141, 140]
0.10479791256190692;2;0;0.024399999999999977;0.9756;361.0;21.0;[24, 146, 120, 109, 26, 50, 62, 15, 134, 70, 72, 30, 123, 127, 128, 9, 68, 99, 56, 130, 59]
0.26633116883116936;0;0;0.03539999999999999;0.9646;466.0;25.0;[90, 118, 89, 4, 28, 36, 81, 70, 40, 15, 8, 74, 7, 149, 63, 22, 95, 154, 138, 59, 57, 134, 130, 26, 65]
0.06326957561267202;1;0;0.0232;0.9768;338.0;21.0;[26, 47, 6, 68, 16, 80, 50, 17, 36, 56, 118, 38, 88, 157, 30, 140, 35, 60, 1, 69, 90]
0.2929868470099549;2;0;0.02070000000000005;0.9793;288.0;21.0;[81, 8, 86, 146, 59, 24, 141, 57, 120, 74, 7, 38, 157, 140, 35, 21, 60, 153, 69, 158, 106]
1.7976931348623157E308;1;0;0.03249999999999997;0.9675;441.0;25.0;[7, 118, 53, 54, 144, 128, 69, 81, 88, 109, 158, 110, 86, 15, 146, 17, 4, 28, 141, 62, 35, 152, 66, 100, 73]
0.1067393903167959;1;0;0.02959999999999996;0.9704;409.0;22.0;[72, 30, 90, 74, 1, 21, 103, 65, 81, 144, 101, 126, 70, 18, 17, 59, 75, 100, 141, 140, 69, 91]
0.3456520581500609;2;0;0.03049999999999997;0.9695;423.0;25.0;[69, 94, 141, 72, 108, 18, 4, 40, 10, 8, 56, 7, 118, 39, 88, 57, 109, 54, 9, 110, 139, 86, 37, 15, 144]
0.15990735206216788;1;0;0.03049999999999997;0.9695;417.0;23.0;[17, 27, 146, 63, 40, 15, 72, 57, 127, 7, 54, 115, 126, 70, 18, 4, 59, 88, 75, 100, 141, 140, 91]
1.7976931348623157E308;3;0;0.029000000000000026;0.971;412.0;26.0;[134, 158, 69, 120, 65, 127, 40, 7, 141, 90, 109, 18, 8, 157, 10, 108, 86, 59, 6, 27, 2, 126, 114, 74, 125, 144]
0.145920502092048;1;0;0.01629999999999998;0.9837;242.0;19.0;[60, 65, 101, 9, 24, 130, 128, 26, 50, 157, 144, 47, 19, 36, 10, 16, 81, 37, 7]
0.30896213855902455;2;0;0.0252;0.9748;376.0;24.0;[106, 138, 50, 102, 126, 24, 110, 16, 130, 22, 135, 55, 59, 156, 131, 26, 109, 10, 86, 127, 1, 134, 65, 90]
0.44353741496598575;3;0;0.026599999999999957;0.9734;406.0;22.0;[115, 56, 52, 20, 66, 35, 109, 16, 91, 124, 28, 26, 54, 8, 60, 10, 30, 119, 123, 87, 78, 80]
0.17224489795917905;3;0;0.016100000000000003;0.9839;270.0;17.0;[8, 56, 80, 94, 147, 72, 123, 112, 68, 130, 90, 26, 107, 30, 35, 60, 141]
0.18122448979591899;3;0;0.016000000000000014;0.984;260.0;20.0;[38, 88, 16, 140, 1, 61, 119, 95, 141, 26, 90, 35, 86, 10, 60, 131, 100, 50, 31, 17]
0.09743506493506696;0;0;0.010700000000000043;0.9893;172.0;16.0;[8, 130, 61, 141, 26, 90, 80, 86, 94, 10, 60, 100, 147, 50, 17, 16]
0.3239826839826855;0;0;0.03739999999999999;0.9626;488.0;28.0;[119, 95, 56, 35, 131, 31, 101, 118, 74, 7, 149, 146, 63, 94, 22, 154, 138, 141, 59, 90, 120, 108, 134, 109, 18, 26, 4, 65]
0.1894480519480537;0;0;0.02400000000000002;0.976;326.0;21.0;[65, 141, 27, 24, 66, 59, 18, 15, 120, 8, 26, 16, 78, 57, 101, 86, 69, 7, 54, 135, 84]
0.6903401360544204;3;0;0.021499999999999964;0.9785;319.0;18.0;[110, 146, 81, 144, 7, 101, 126, 70, 72, 18, 17, 59, 75, 118, 100, 140, 69, 91]
0.34654811715481193;1;0;0.02939999999999998;0.9706;400.0;24.0;[141, 54, 9, 157, 125, 72, 26, 22, 115, 60, 109, 17, 24, 74, 56, 7, 149, 108, 158, 37, 70, 18, 69, 144]
0.2501195457262452;1;0;0.01880000000000004;0.9812;277.0;17.0;[27, 72, 130, 59, 90, 8, 88, 10, 149, 56, 86, 118, 74, 158, 15, 17, 28]
0.2868506493506483;0;0;0.030200000000000005;0.9698;391.0;26.0;[24, 8, 88, 4, 53, 7, 108, 146, 90, 60, 141, 127, 69, 30, 74, 15, 50, 86, 114, 157, 109, 125, 158, 130, 27, 65]
0.048371189479976706;1;0;0.023499999999999965;0.9765;339.0;18.0;[16, 66, 101, 70, 109, 118, 27, 74, 10, 54, 158, 86, 141, 37, 59, 15, 18, 28]
0.37053197848176966;1;0;0.025499999999999967;0.9745;360.0;23.0;[66, 74, 139, 157, 109, 28, 130, 65, 30, 59, 6, 7, 38, 68, 107, 16, 21, 86, 153, 69, 80, 158, 50]
0.3528409393471412;2;0;0.016100000000000003;0.9839;242.0;19.0;[107, 120, 140, 8, 4, 72, 65, 60, 56, 9, 99, 15, 17, 50, 86, 108, 158, 69, 26]
0.19688311688311655;0;0;0.006000000000000005;0.994;104.0;10.0;[47, 158, 141, 157, 128, 130, 36, 81, 123, 127]
0.42832419191649773;2;0;0.021599999999999953;0.9784;316.0;22.0;[158, 70, 30, 17, 16, 144, 37, 65, 8, 64, 80, 134, 59, 146, 26, 38, 88, 107, 35, 86, 69, 24]
0.07847402597402584;0;0;0.022499999999999964;0.9775;317.0;20.0;[158, 120, 19, 65, 10, 59, 56, 101, 109, 9, 110, 141, 18, 69, 24, 138, 130, 72, 26, 144]
0.142954545454546;0;0;0.010499999999999954;0.9895;158.0;15.0;[65, 149, 27, 134, 50, 157, 69, 144, 47, 36, 16, 81, 37, 7, 127]
0.539047619047619;3;0;0.020199999999999996;0.9798;296.0;19.0;[8, 146, 72, 90, 119, 78, 74, 54, 86, 66, 53, 59, 18, 15, 120, 7, 123, 16, 110]
1.7976931348623157E308;1;0;0.008600000000000052;0.9914;161.0;16.0;[39, 69, 146, 127, 108, 17, 60, 94, 65, 87, 35, 61, 24, 10, 30, 16]
1.7976931348623157E308;5;0;0.01859999999999995;0.9814;300.0;20.0;[94, 61, 60, 10, 119, 16, 141, 90, 18, 8, 65, 59, 27, 101, 9, 126, 74, 125, 128, 144]
0.3736054421768681;3;0;0.025000000000000022;0.975;382.0;21.0;[40, 7, 109, 157, 108, 86, 6, 2, 114, 24, 130, 26, 8, 146, 72, 90, 65, 87, 35, 30, 78]
0.29225941422594015;1;0;0.011499999999999955;0.9885;202.0;15.0;[158, 128, 58, 89, 68, 60, 56, 17, 90, 157, 30, 16, 81, 123, 144]
0.17274615261728968;2;0;0.019000000000000017;0.981;285.0;20.0;[158, 70, 130, 36, 37, 127, 47, 35, 60, 106, 141, 109, 74, 8, 123, 112, 10, 59, 15, 4]
0.5980952380952413;3;0;0.02429999999999999;0.9757;368.0;21.0;[22, 109, 56, 37, 70, 69, 75, 8, 66, 144, 48, 18, 135, 158, 84, 116, 24, 101, 9, 138, 126]
0.2923376623376621;0;0;0.033499999999999974;0.9665;410.0;24.0;[86, 81, 4, 83, 118, 15, 17, 27, 54, 115, 72, 60, 130, 24, 74, 7, 149, 108, 158, 141, 59, 18, 144, 90]
0.1899350649350653;0;0;0.012700000000000045;0.9873;208.0;18.0;[130, 24, 30, 157, 120, 74, 69, 8, 123, 108, 27, 158, 139, 72, 17, 119, 50, 66]
1.7976931348623157E308;3;0;0.01429999999999998;0.9857;237.0;16.0;[26, 65, 59, 6, 7, 38, 68, 107, 16, 140, 21, 86, 153, 80, 158, 50]
1.7976931348623157E308;2;0;0.014700000000000046;0.9853;233.0;18.0;[4, 60, 74, 15, 86, 28, 158, 157, 70, 128, 30, 130, 44, 16, 123, 144, 37, 127]
0.22960251046025382;1;0;0.016599999999999948;0.9834;256.0;17.0;[17, 81, 66, 72, 65, 56, 9, 99, 139, 50, 108, 24, 157, 109, 158, 69, 26]
0.3284519942488935;2;0;0.02749999999999997;0.9725;404.0;25.0;[56, 135, 59, 52, 156, 26, 1, 24, 47, 19, 65, 15, 62, 118, 126, 114, 74, 108, 95, 7, 61, 69, 8, 30, 80]
0.1255125406038675;2;0;0.02410000000000001;0.9759;357.0;21.0;[125, 130, 40, 141, 90, 123, 87, 78, 16, 115, 22, 55, 20, 131, 109, 10, 86, 127, 134, 65, 66]
0.4274829931972775;3;0;0.016599999999999948;0.9834;283.0;16.0;[127, 9, 99, 139, 17, 50, 157, 108, 144, 1, 24, 134, 65, 109, 90, 81]
0.21426406926406744;0;0;0.016800000000000037;0.9832;218.0;22.0;[56, 141, 69, 26, 59, 150, 134, 50, 157, 158, 144, 47, 120, 19, 65, 36, 10, 16, 81, 37, 7, 127]
0.21664674237895915;1;0;0.016100000000000003;0.9839;221.0;19.0;[107, 128, 60, 17, 141, 69, 30, 16, 66, 74, 86, 108, 24, 157, 109, 158, 130, 28, 65]
0.29569264069264056;0;0;0.028000000000000025;0.972;341.0;26.0;[127, 15, 50, 114, 125, 72, 24, 109, 158, 130, 141, 28, 157, 140, 35, 21, 80, 8, 119, 123, 9, 86, 146, 131, 100, 31]
1.7976931348623157E308;4;0;0.020199999999999996;0.9798;298.0;20.0;[130, 17, 65, 123, 24, 40, 15, 8, 74, 7, 149, 146, 63, 22, 138, 59, 120, 57, 134, 26]
0.30369029234783473;2;0;0.017100000000000004;0.9829;279.0;15.0;[28, 36, 81, 70, 4, 95, 154, 90, 109, 59, 144, 127, 30, 16, 37]
0.24707482993197477;3;0;0.015199999999999991;0.9848;249.0;19.0;[74, 66, 53, 16, 110, 7, 87, 119, 123, 18, 28, 113, 108, 59, 60, 24, 90, 10, 30]
0.17221861471861682;0;0;0.02070000000000005;0.9793;274.0;21.0;[35, 141, 65, 78, 39, 69, 54, 146, 127, 108, 86, 72, 59, 18, 17, 15, 120, 7, 8, 60, 123]
0.21871212121212175;0;0;0.01849999999999996;0.9815;240.0;20.0;[72, 60, 141, 127, 69, 30, 16, 66, 15, 50, 86, 114, 108, 24, 157, 109, 125, 158, 130, 65]
0.09418708906156711;1;0;0.02410000000000001;0.9759;341.0;20.0;[74, 28, 59, 65, 149, 56, 27, 101, 109, 9, 110, 141, 18, 69, 24, 134, 138, 130, 26, 144]
0.19204962990574695;2;0;0.029299999999999993;0.9707;409.0;24.0;[87, 119, 141, 59, 30, 88, 108, 69, 28, 109, 15, 146, 4, 74, 62, 130, 115, 35, 22, 135, 66, 52, 156, 100]
0.3347622344107818;2;0;0.023599999999999954;0.9764;344.0;21.0;[53, 101, 110, 16, 21, 103, 55, 73, 7, 123, 18, 28, 113, 108, 35, 65, 60, 24, 90, 10, 78]
0.1160338676180855;2;0;0.024700000000000055;0.9753;372.0;20.0;[135, 55, 156, 20, 26, 109, 86, 134, 90, 130, 60, 110, 50, 56, 54, 157, 15, 69, 17, 28]
0.12643454871488183;1;0;0.02429999999999999;0.9757;356.0;20.0;[158, 65, 141, 9, 118, 24, 125, 26, 16, 130, 115, 56, 22, 59, 52, 131, 10, 127, 1, 99]
0.26032576210400743;1;0;0.013000000000000012;0.987;220.0;15.0;[72, 24, 107, 86, 131, 123, 108, 27, 158, 139, 17, 26, 119, 50, 66]
0.1165800865800861;0;0;0.02080000000000004;0.9792;293.0;23.0;[66, 50, 109, 125, 158, 130, 141, 28, 157, 140, 35, 21, 80, 8, 119, 123, 9, 146, 128, 60, 100, 31, 17]
0.30867965367965355;0;0;0.041000000000000036;0.959;551.0;29.0;[88, 53, 108, 101, 69, 28, 109, 110, 15, 146, 4, 16, 141, 74, 62, 130, 115, 35, 21, 22, 135, 103, 66, 55, 59, 52, 156, 100, 73]

0.2868506493506483;0;0;0.030200000000000005;0.9698;391.0;26.0;[24, 8, 88, 4, 53, 7, 108, 146, 90, 60, 141, 127, 69, 30, 74, 15, 50, 86, 114, 157, 109, 125, 158, 130, 27, 65]
0.30867965367965355;0;0;0.041000000000000036;0.959;551.0;29.0;[88, 53, 108, 101, 69, 28, 109, 110, 15, 146, 4, 16, 141, 74, 62, 130, 115, 35, 21, 22, 135, 103, 66, 55, 59, 52, 156, 100, 73]
1.7976931348623157E308;0;0;0.0036000000000000476;0.9964;97.0;8.0;[86, 146, 35, 30, 17, 65, 16, 123]
0.142954545454546;0;0;0.010499999999999954;0.9895;158.0;15.0;[65, 149, 27, 134, 50, 157, 69, 144, 47, 36, 16, 81, 37, 7, 127]
0.1894480519480537;0;0;0.02400000000000002;0.976;326.0;21.0;[65, 141, 27, 24, 66, 59, 18, 15, 120, 8, 26, 16, 78, 57, 101, 86, 69, 7, 54, 135, 84]
0.29569264069264056;0;0;0.028000000000000025;0.972;341.0;26.0;[127, 15, 50, 114, 125, 72, 24, 109, 158, 130, 141, 28, 157, 140, 35, 21, 80, 8, 119, 123, 9, 86, 146, 131, 100, 31]
0.2923376623376621;0;0;0.033499999999999974;0.9665;410.0;24.0;[86, 81, 4, 83, 118, 15, 17, 27, 54, 115, 72, 60, 130, 24, 74, 7, 149, 108, 158, 141, 59, 18, 144, 90]
0.07847402597402584;0;0;0.022499999999999964;0.9775;317.0;20.0;[158, 120, 19, 65, 10, 59, 56, 101, 109, 9, 110, 141, 18, 69, 24, 138, 130, 72, 26, 144]
0.1899350649350653;0;0;0.012700000000000045;0.9873;208.0;18.0;[130, 24, 30, 157, 120, 74, 69, 8, 123, 108, 27, 158, 139, 72, 17, 119, 50, 66]
0.1165800865800861;0;0;0.02080000000000004;0.9792;293.0;23.0;[66, 50, 109, 125, 158, 130, 141, 28, 157, 140, 35, 21, 80, 8, 119, 123, 9, 146, 128, 60, 100, 31, 17]
1.7976931348623157E308;0;0;0.04359999999999997;0.9564;559.0;29.0;[59, 81, 37, 53, 54, 144, 72, 128, 69, 30, 88, 109, 158, 110, 15, 17, 4, 28, 90, 141, 74, 62, 1, 21, 152, 103, 66, 100, 73]
0.09743506493506696;0;0;0.010700000000000043;0.9893;172.0;16.0;[8, 130, 61, 141, 26, 90, 80, 86, 94, 10, 60, 100, 147, 50, 17, 16]
0.3239826839826855;0;0;0.03739999999999999;0.9626;488.0;28.0;[119, 95, 56, 35, 131, 31, 101, 118, 74, 7, 149, 146, 63, 94, 22, 154, 138, 141, 59, 90, 120, 108, 134, 109, 18, 26, 4, 65]
0.09444805194805013;0;0;0.02190000000000003;0.9781;314.0;21.0;[61, 8, 119, 141, 26, 90, 35, 86, 147, 50, 17, 88, 110, 56, 54, 118, 74, 130, 72, 15, 28]
0.21426406926406744;0;0;0.016800000000000037;0.9832;218.0;22.0;[56, 141, 69, 26, 59, 150, 134, 50, 157, 158, 144, 47, 120, 19, 65, 36, 10, 16, 81, 37, 7, 127]
0.21871212121212175;0;0;0.01849999999999996;0.9815;240.0;20.0;[72, 60, 141, 127, 69, 30, 16, 66, 15, 50, 86, 114, 108, 24, 157, 109, 125, 158, 130, 65]
0.26633116883116936;0;0;0.03539999999999999;0.9646;466.0;25.0;[90, 118, 89, 4, 28, 36, 81, 70, 40, 15, 8, 74, 7, 149, 63, 22, 95, 154, 138, 59, 57, 134, 130, 26, 65]
0.2293831168831158;0;0;0.006800000000000028;0.9932;151.0;11.0;[59, 146, 26, 107, 141, 30, 17, 65, 16, 123, 37]
0.17221861471861682;0;0;0.02070000000000005;0.9793;274.0;21.0;[35, 141, 65, 78, 39, 69, 54, 146, 127, 108, 86, 72, 59, 18, 17, 15, 120, 7, 8, 60, 123]
0.12792207792207805;0;0;0.011800000000000033;0.9882;188.0;16.0;[81, 65, 8, 64, 80, 47, 134, 38, 88, 16, 30, 35, 86, 69, 158, 24]
0.19688311688311655;0;0;0.006000000000000005;0.994;104.0;10.0;[47, 158, 141, 157, 128, 130, 36, 81, 123, 127]






















































